GameID,Genres
10,Action
220,Action
240,Action
440,"Action,Free to Play"
500,Action
550,Action
570,"Action,Free to Play,Strategy"
620,"Action,Adventure"
730,"Action,Free to Play"
1840,"Animation & Modeling,Video Production"
3590,Strategy
3900,Strategy
3910,Strategy
4000,"Indie,Simulation"
4700,Strategy
4760,Strategy
8500,"Action,Free to Play,Massively Multiplayer,RPG,Strategy"
8800,Strategy
8930,Strategy
9420,Strategy
9450,Strategy
9900,"Free to Play,Massively Multiplayer,RPG"
10500,Strategy
12210,"Action,Adventure"
16900,"Action,Indie,Simulation,Early Access"
17390,"God Game,Open World,Exploration,Sandbox,Colony Sim,Casual,Cute,Simulation,Space,Science,Funny,Sci-fi,Aliens,Colorful,Cartoony,Adventure,Family Friendly,Comedy,Resource Management,Cartoon"
20900,"Action,RPG"
20920,RPG
21690,"Action,Adventure"
22330,RPG
22370,RPG
22380,"Action,RPG"
24010,Simulation
32470,Strategy
34030,Strategy
34330,Strategy
39210,"Massively Multiplayer,RPG"
40970,"Simulation,Strategy"
42700,Action
42960,Strategy
47810,RPG
47890,Simulation
48700,"Action,RPG"
49520,"Action,RPG"
72850,RPG
105450,"Simulation,Strategy"
105600,"Action,Adventure,Indie,RPG"
107410,"Action,Simulation,Strategy"
108600,"Indie,RPG,Simulation,Early Access"
109600,"Action,Adventure,Free to Play,Massively Multiplayer,RPG"
200210,"Action,Free to Play,Indie,Massively Multiplayer,RPG"
200510,Strategy
203160,"Action,Adventure"
203770,"Free to Play,RPG,Simulation,Strategy"
208650,"Action,Adventure"
211820,"Action,Adventure,Casual,Indie,RPG"
212500,"Action,Adventure,Free to Play,Massively Multiplayer,RPG"
212680,"Indie,Simulation,Strategy"
214950,Strategy
216150,"Action,Adventure,Casual,Free to Play,Massively Multiplayer,RPG"
218230,"Action,Free to Play,Massively Multiplayer"
218620,"Action,RPG"
219740,"Adventure,Indie,Simulation"
219990,"Action,Adventure,Indie,RPG"
220200,"Indie,Simulation"
221040,"Action,Adventure"
221100,"Action,Adventure,Massively Multiplayer"
221380,Strategy
221680,"Casual,Simulation"
223750,"Free to Play,Simulation"
225540,"Action,Adventure"
227300,"Indie,Simulation"
227940,"Action,Free to Play,Indie,Massively Multiplayer,Strategy"
228200,"Action,Strategy"
228280,"Adventure,RPG"
228380,"Action,Indie,Racing,Simulation,Sports"
230410,"Action,Free to Play,RPG"
231430,Strategy
232090,Action
233450,"Indie,Simulation,Strategy"
233860,"Action,Indie,RPG,Simulation,Strategy"
234140,"Action,Adventure"
235460,Action
236390,"Action,Free to Play,Massively Multiplayer,Simulation"
236850,"Simulation,Strategy"
238960,"Action,Adventure,Free to Play,Indie,Massively Multiplayer,RPG"
239140,"Action,RPG"
242760,"Action,Adventure,Indie,Simulation"
242920,"Indie,Simulation,Strategy"
244210,"Indie,Racing,Simulation,Sports"
244450,"Action,Simulation,Strategy"
244850,"Action,Indie,Simulation,Strategy"
250900,Action
251060,"Indie,Simulation,Strategy"
251570,"Action,Adventure,Indie,RPG,Simulation,Strategy,Early Access"
252490,"Action,Adventure,Indie,Massively Multiplayer,RPG"
252530,"Casual,Simulation"
252950,"Action,Indie,Racing,Sports"
253710,"Action,Adventure,Free to Play,Simulation,Sports"
254700,"Action,Adventure"
255710,"Simulation,Strategy"
257350,"Adventure,RPG"
261550,"Action,RPG,Simulation,Strategy,Early Access"
262060,"Indie,RPG,Strategy"
264710,"Adventure,Indie"
266840,"Simulation,Strategy"
268500,Strategy
268850,Utilities
268910,"Action,Indie"
269210,"Action,Adventure,Indie,Massively Multiplayer,RPG"
269950,Simulation
270880,"Indie,Simulation"
271590,"Action,Adventure"
273110,"Action,Casual,Free to Play,Massively Multiplayer"
275850,"Action,Adventure"
281990,"Simulation,Strategy"
284160,"Racing,Simulation,Early Access"
284950,"Casual,Indie,Simulation"
285900,"Action,Adventure,Casual,Indie,Simulation"
286160,"Casual,Indie,RPG,Simulation,Strategy"
287450,"Simulation,Strategy"
287700,"Action,Adventure"
289070,Strategy
289650,"Action,Adventure"
291480,"Action,Adventure,Free to Play,Massively Multiplayer,RPG,Simulation,Strategy"
291550,"Action,Free to Play,Indie"
291650,RPG
292030,RPG
294100,"Indie,Simulation,Strategy"
297000,"RPG,Strategy"
304050,"Action,Adventure,Casual,Free to Play,Massively Multiplayer,RPG"
304390,Action
304930,"Action,Adventure,Casual,Free to Play,Indie"
305620,"Adventure,Indie,Simulation,Strategy"
306130,"Action,Adventure,Massively Multiplayer,RPG"
310950,Action
311210,"Action,Adventure"
311260,"RPG,Simulation,Strategy"
311690,"Action,Adventure,Indie"
312660,"Action,Adventure"
314160,Simulation
315210,Action
322170,"Action,Indie"
322330,"Adventure,Indie,Simulation"
323190,"Simulation,Strategy"
325610,Strategy
326460,"Action,Casual,Indie,Massively Multiplayer,Strategy"
330020,"Action,Adventure,Indie,RPG"
331470,"Adventure,Casual,Free to Play,Indie"
333420,"Action,Adventure,Strategy"
335240,"Free to Play,Indie,Massively Multiplayer"
335300,"Action,RPG"
342200,"Action,Free to Play,Massively Multiplayer,Simulation,Strategy"
346110,"Action,Adventure,Indie,Massively Multiplayer,RPG"
346900,"Casual,Free to Play,Indie"
349040,"Action,Adventure"
356190,"Action,Adventure,RPG"
359320,"Action,Adventure,Massively Multiplayer,RPG,Simulation,Strategy"
359550,Action
359870,RPG
360430,"Action,Adventure"
361420,"Adventure,Indie"
362890,"Action,Adventure,Indie"
363150,Simulation
363890,"Design & Illustration,Web Publishing"
363970,"Adventure,Casual,Free to Play,Indie,RPG,Simulation,Strategy"
364360,"Action,Strategy"
365360,"Indie,RPG,Strategy"
365670,"Animation & Modeling,Design & Illustration,Video Production"
367520,"Action,Adventure,Indie"
368260,"RPG,Strategy"
373420,"Adventure,Indie,RPG,Strategy"
374320,Action
376210,"Action,Adventure,Indie,Massively Multiplayer,Simulation,Early Access"
377160,RPG
379430,"Action,Adventure,RPG"
379720,Action
380600,"Free to Play,Massively Multiplayer,Simulation,Sports"
381210,Action
382310,"Indie,Simulation,Early Access"
383120,"Adventure,Indie,Simulation,Strategy"
386180,"Action,Free to Play,Massively Multiplayer,Racing"
387990,"Action,Adventure,Indie,Simulation,Early Access"
389430,"Action,Adventure,Free to Play,Massively Multiplayer,RPG"
389730,"Action,Sports"
391220,"Action,Adventure"
391540,"Indie,RPG"
392110,Strategy
392160,"Action,Simulation,Strategy"
393380,"Action,Indie,Strategy"
394360,"Simulation,Strategy"
397540,"Action,RPG"
397900,"Casual,Free to Play,Indie,Massively Multiplayer,Strategy"
400040,"Free to Play,Audio Production,Design & Illustration,Photo Editing,Utilities,Video Production,Web Publishing"
400750,"Action,Simulation,Strategy"
412220,"Action,Free to Play,Indie,Racing"
413150,"Indie,RPG,Simulation"
415200,"Racing,Simulation,Sports,Strategy"
418370,"Action,Adventure"
418460,"Action,Massively Multiplayer,Simulation,Strategy"
427410,"Action,Adventure,RPG,Simulation,Early Access"
427520,"Casual,Indie,Simulation,Strategy"
431240,"Casual,Indie,Sports"
431730,"Animation & Modeling,Design & Illustration,Game Development"
431960,"Casual,Indie,Animation & Modeling,Design & Illustration,Photo Editing,Utilities"
433340,"Action,Adventure,Indie,Simulation"
435150,"Adventure,RPG,Strategy"
436150,"Casual,Free to Play,Massively Multiplayer,Simulation"
438040,"Adventure,Casual,Free to Play,Indie,Massively Multiplayer,RPG,Strategy"
438100,"Adventure,Casual,Free to Play,Massively Multiplayer,Simulation,Sports,Early Access"
440900,"Action,Adventure,Massively Multiplayer,RPG,Simulation,Strategy"
444200,"Action,Free to Play,Massively Multiplayer"
445220,"Action,Indie,Simulation"
447020,Simulation
447040,"Action,Adventure"
453480,"Free to Play,Strategy"
454650,"Action,Adventure,Casual,Massively Multiplayer"
457140,"Indie,Simulation"
459820,"Casual,Free to Play,Indie"
460930,"Action,Adventure"
464920,"Simulation,Strategy"
466170,"Casual,Free to Play,Indie,Simulation,Strategy"
466240,"Action,Free to Play,Indie"
466560,"Indie,Simulation,Strategy"
469600,"Casual,Indie,Strategy"
470220,Casual
471710,"Adventure,Casual,Free to Play,Massively Multiplayer"
475150,"Action,RPG"
476600,Action
476620,Action
477160,"Adventure,Casual,Indie,Simulation"
482400,"Action,Adventure"
489520,"Action,Adventure,Free to Play,Indie,RPG,Strategy"
489830,RPG
492720,"Simulation,Strategy"
493340,"Action,Adventure,Casual,Simulation,Strategy"
493520,Action
495420,"Action,RPG,Simulation"
502500,"Action,Simulation"
503940,"Simulation,Strategy"
504230,"Action,Adventure,Indie"
505460,"Action,Indie,Massively Multiplayer,RPG,Strategy,Early Access"
508440,"Indie,Simulation,Strategy"
513710,"Action,Adventure,Indie,Massively Multiplayer,Early Access"
516750,"Indie,Racing,Simulation,Early Access"
518790,"Adventure,Simulation,Sports"
524220,"Action,RPG"
526870,"Adventure,Indie,Simulation,Strategy,Early Access"
527230,"Adventure,Indie,RPG,Strategy"
529340,"Simulation,Strategy"
534380,"Action,Adventure,RPG"
535930,"Indie,Simulation"
537180,"Action,Adventure,Casual,Free to Play,Massively Multiplayer,RPG"
538030,"Simulation,Strategy,Early Access"
544550,"Action,Indie,Simulation,Early Access"
544730,"Casual,Strategy"
544810,"Casual,Free to Play,Indie,Strategy"
546560,"Action,Adventure"
547710,"Adventure,Indie"
548430,Action
550650,"Action,Free to Play"
551170,"Adventure,RPG,Strategy"
552100,"Simulation,Early Access"
552500,"Action,Indie"
552520,"Action,Adventure"
552990,"Action,Free to Play,Massively Multiplayer,Simulation"
553540,"Indie,RPG,Strategy"
553850,Action
555160,"Action,Indie,Early Access"
560130,RPG
570940,Action
571740,"Casual,Indie,Simulation,Sports,Early Access"
573090,Simulation
578080,"Action,Adventure,Free to Play,Massively Multiplayer"
578650,RPG
581320,Action
582010,Action
582160,"Action,Adventure,RPG"
582660,"Action,Adventure,Massively Multiplayer,RPG,Simulation,Strategy"
588430,"Free to Play,RPG,Simulation"
588650,"Action,Indie"
590380,"Indie,RPG,Simulation,Strategy"
594570,"Action,Strategy"
594650,Action
599140,"Adventure,Indie,RPG,Simulation"
601150,Action
601510,"Free to Play,Strategy"
602960,"Action,Indie,Simulation,Strategy,Early Access"
610080,"Free to Play,RPG,Strategy"
613100,"Indie,Simulation"
615530,"Adventure,Casual,Indie"
620980,Indie
621060,"Indie,Simulation"
627690,"Action,Adventure,Free to Play,Indie,Strategy"
629520,"Audio Production,Utilities"
629730,"Action,Adventure,Indie,RPG,Simulation,Early Access"
629760,"Action,Indie"
632360,"Action,Indie"
632470,RPG
633230,Action
635260,"Massively Multiplayer,Racing,Simulation,Sports"
636480,"Action,Indie,Early Access"
637090,"Action,Adventure,Strategy"
637650,RPG
638970,"Action,Adventure,RPG"
640820,RPG
641990,"Indie,Simulation,Strategy"
644930,Strategy
646570,"Indie,Strategy"
646910,"Action,Massively Multiplayer,Racing"
648800,"Adventure,Indie,Simulation"
655500,"Racing,Simulation,Sports,Early Access"
663090,"Free to Play,Massively Multiplayer,RPG"
665300,"Animation & Modeling,Audio Production,Design & Illustration,Utilities,Video Production,Web Publishing"
666140,"Adventure,Casual,Indie,RPG,Simulation"
668580,"Action,Adventure,RPG"
669330,"Action,Massively Multiplayer,Simulation,Strategy,Early Access"
671860,"Action,Massively Multiplayer,Early Access"
673950,"Casual,Indie,Simulation"
677620,"Action,Free to Play,Indie"
678950,Action
680420,"Action,Adventure,RPG"
686810,"Action,Indie,Massively Multiplayer,Simulation,Strategy"
690790,"Racing,Simulation,Sports"
690830,"Indie,Simulation,Strategy,Early Access"
698670,"Action,Adventure,Indie"
699130,Action
700330,"Action,Free to Play"
702320,"Free to Play,Massively Multiplayer,RPG,Strategy"
703080,"Casual,Simulation,Strategy"
704450,RPG
707010,"Action,Free to Play,Indie,Massively Multiplayer,RPG,Early Access"
714010,"Action,Adventure,Casual,Free to Play,Indie,Simulation,Early Access"
715400,"Action,Adventure,RPG,Early Access"
719040,"RPG,Strategy"
719890,"Adventure,Indie,Massively Multiplayer,Simulation,Early Access"
728880,"Action,Casual,Indie"
729040,"Action,RPG"
736590,"Action,Casual,Free to Play,Indie,Simulation,Strategy,Early Access"
736820,"Simulation,Strategy"
739630,"Action,Indie,Early Access"
740130,"Action,RPG"
744900,"Action,Free to Play,Indie,Massively Multiplayer,RPG"
745920,"Adventure,Indie,Massively Multiplayer,RPG,Early Access"
750920,"Action,Adventure"
756800,"Action,Adventure,Simulation"
761890,"Free to Play,Massively Multiplayer,RPG"
766570,"Adventure,Casual,Free to Play,Massively Multiplayer,RPG,Simulation,Sports"
767560,"Action,Free to Play"
768200,"Action,Adventure,Indie,RPG,Early Access"
774171,"Action,Casual,Indie"
774801,"Action,Adventure,Casual,Indie,Racing,Strategy,Early Access"
779340,"Action,Strategy"
780290,"Adventure,RPG,Strategy"
780310,"Action,Adventure,Indie,RPG,Simulation,Strategy"
782330,Action
784080,"Action,Simulation"
784150,"Indie,Simulation,Strategy,Early Access"
784950,"Free to Play,Indie,Massively Multiplayer,Strategy"
786520,"Utilities,Early Access"
787860,Simulation
788100,"Action,Adventure,Indie,RPG"
794260,RPG
799600,"Simulation,Strategy,Early Access"
805550,"Racing,Simulation,Sports"
812140,"Action,Adventure,RPG"
813230,"Action,Adventure,Indie"
813780,Strategy
814000,"Action,Adventure,Casual,RPG"
814370,"Action,Adventure,Indie,RPG,Strategy"
814380,"Action,Adventure"
815370,"Action,Adventure,Indie,Simulation"
820520,"Action,Indie,Strategy"
824270,"Action,Indie,Simulation"
824550,"Action,RPG"
834910,"Action,Adventure,Massively Multiplayer,RPG,Early Access"
835960,"Action,Adventure"
843380,"Action,Adventure,Casual,Free to Play,Indie,Massively Multiplayer"
848450,"Adventure,Indie"
850190,"Adventure,Casual,Simulation"
851850,"Action,RPG"
863550,Action
867210,"Adventure,Strategy,Early Access"
868270,"Action,Free to Play,Massively Multiplayer"
870780,"Action,Adventure"
871980,RPG
872410,Simulation
872790,"Simulation,Sports"
880940,"Action,Casual,Indie"
881020,"Action,Adventure,RPG,Free to Play"
881100,"Action,Adventure,Indie,RPG,Simulation"
883710,Action
885970,Strategy
892970,"Action,Adventure,Indie,RPG,Early Access"
895400,"Action,Adventure,Indie,Massively Multiplayer,Early Access"
899770,"Action,Adventure,Indie,RPG,Early Access"
905370,"Action,Free to Play,Massively Multiplayer,Strategy"
919640,"Action,Indie,Simulation,Strategy"
920210,"Action,Adventure"
924970,Action
933110,Strategy
934700,"Action,Adventure"
945360,Casual
949230,Simulation
954850,"Indie,Simulation,Early Access"
955900,"Indie,RPG,Simulation,Strategy"
960090,Strategy
960170,"Action,Casual,Sports"
961200,"Action,Massively Multiplayer,Strategy,Early Access"
962130,"Action,Adventure,Early Access"
972660,"Adventure,Indie,Simulation"
973230,"Action,Indie,RPG,Simulation,Strategy,Early Access"
975370,"RPG,Simulation,Strategy"
976310,Action
976730,Action
977400,"Casual,Free to Play,Simulation"
977950,Indie
983870,"Indie,Simulation,Strategy,Early Access"
986130,"Action,Indie,RPG,Early Access"
990080,"Action,Adventure,RPG"
992070,"Casual,Free to Play"
1007040,Action
1009560,"Casual,Indie,Simulation,Early Access"
1009850,Utilities
1013140,Action
1013320,"Action,Adventure,Casual,Free to Play,Indie,RPG,Simulation,Strategy,Early Access"
1016120,"Simulation,Sports"
1016950,"Sports,Strategy"
1017900,Strategy
1022450,"Free to Play,Indie,Massively Multiplayer,Strategy,Early Access"
1029690,"Action,Adventure"
1029780,"Indie,RPG,Simulation,Strategy,Early Access"
1030840,"Action,Adventure"
1040200,"Action,Simulation"
1041320,"Massively Multiplayer,RPG,Strategy"
1044720,"Indie,Simulation,Strategy,Early Access"
1046930,"Casual,Free to Play,Strategy"
1049590,"Free to Play,Indie,Strategy,Early Access"
1056640,"Action,Free to Play,Massively Multiplayer,RPG"
1057090,Action
1060230,"Indie,Simulation,Strategy,Early Access"
1061910,"Action,Adventure"
1062090,"Indie,Simulation,Strategy,Early Access"
1062520,"Indie,RPG,Simulation,Early Access"
1062810,"RPG,Strategy,Early Access"
1063730,"Action,Adventure,Massively Multiplayer,RPG"
1065310,"Action,Adventure,RPG"
1066780,"Simulation,Strategy"
1068820,Utilities
1069160,"Indie,RPG"
1069660,"Indie,RPG,Simulation,Strategy,Early Access"
1080110,"Racing,Simulation,Sports"
1084160,"Action,Strategy"
1084600,"Adventure,Casual,Indie,RPG,Simulation,Early Access"
1085660,"Action,Adventure,Free to Play"
1086940,"Adventure,RPG,Strategy,Early Access"
1089090,Action
1091500,RPG
1092790,"Adventure,Indie,Strategy"
1096530,"Adventure,RPG,Strategy"
1097150,"Action,Casual,Indie,Massively Multiplayer,Sports"
1100600,"Simulation,Sports"
1101120,"Action,Simulation,Early Access"
1102190,Strategy
1109680,"Indie,Simulation,Strategy"
1113000,RPG
1113120,"Indie,Simulation,Strategy"
1118200,"Action,Casual,Indie,Simulation"
1121640,"Simulation,Strategy,Early Access"
1124300,Strategy
1127400,Strategy
1127700,"Adventure,RPG,Strategy"
1128810,"Casual,Free to Play,Strategy"
1128860,"Action,Simulation,Strategy"
1129580,"Action,Adventure,RPG,Simulation"
1134570,"Racing,Simulation,Sports"
1142710,"Action,Strategy"
1144200,"Action,Adventure,Indie,Early Access"
1145350,"Action,Indie,RPG,Early Access"
1145360,"Action,Indie,RPG"
1147560,"Action,Indie"
1147690,"Adventure,Free to Play,Indie,Simulation"
1149460,"Action,Adventure,Simulation"
1150440,"Action,Strategy"
1150690,"Adventure,Indie,RPG"
1151340,RPG
1151640,"Action,Adventure,RPG"
1158160,"Adventure,Casual,Indie,RPG,Simulation,Strategy,Early Access"
1158310,"RPG,Simulation,Strategy"
1159420,"Adventure,Indie,RPG"
1159690,"Action,Adventure,Indie,RPG,Simulation,Early Access"
1161580,Simulation
1161590,"Adventure,Indie,RPG,Simulation,Sports,Strategy"
1162520,"Casual,Strategy"
1164940,"Action,Indie"
1167630,"Action,Indie,Simulation,Strategy"
1170950,"Action,Indie,Massively Multiplayer,RPG"
1171690,"Action,Adventure,Casual,Massively Multiplayer,RPG,Early Access"
1172380,"Action,Adventure"
1172470,"Action,Adventure,Free to Play"
1172620,"Action,Adventure"
1173510,"Utilities,Early Access"
1174180,"Action,Adventure"
1176470,"Simulation,Strategy,Early Access"
1177980,"Adventure,Casual,Indie,Simulation"
1179580,"Action,Adventure,Indie,RPG,Early Access"
1180380,"Action,Free to Play,Indie,Massively Multiplayer,RPG,Early Access"
1182900,"Action,Adventure"
1184140,"Free to Play,Racing"
1184370,"Adventure,Indie,RPG,Strategy"
1190000,"Racing,Simulation"
1190970,"Casual,Indie,Simulation"
1194810,"Action,Strategy"
1196590,Action
1197260,"Action,Free to Play,Indie,Strategy,Early Access"
1201240,"Action,Casual,Free to Play,RPG"
1202130,Strategy
1203220,"Action,Adventure,Massively Multiplayer"
1203620,"Action,Adventure,RPG,Early Access"
1205520,"Adventure,Casual"
1206560,"Indie,Simulation,Early Access"
1206610,"Action,Casual,Indie"
1211020,"Action,Adventure,Casual,Indie,Simulation,Early Access"
1211600,"Action,Indie,RPG,Simulation,Early Access"
1213210,Strategy
1214470,"Adventure,Casual,Indie,Simulation"
1214650,"Action,Adventure"
1216060,"Action,Casual"
1217060,"Action,Adventure,Indie,RPG"
1222140,"Action,Adventure"
1222670,"Casual,Simulation"
1222680,"Action,Adventure,Racing,Sports"
1222690,"Action,Adventure,RPG,Strategy"
1225330,"Simulation,Sports"
1229240,"Indie,RPG"
1230170,Simulation
1235140,"Action,Adventure,RPG"
1237320,"Action,Adventure"
1237950,"Action,Adventure"
1237970,Action
1238810,Action
1238840,"Action,Massively Multiplayer"
1238860,Action
1240440,"Action,Free to Play"
1244090,"Adventure,Indie,RPG"
1244460,"Simulation,Strategy"
1245560,"Indie,RPG,Simulation"
1245620,"Action,RPG"
1248130,Simulation
1250410,Simulation
1253920,"Action,Adventure,Indie,RPG"
1254120,"Action,Free to Play,Massively Multiplayer,RPG"
1254320,"Indie,Simulation,Strategy,Early Access"
1255630,"Simulation,Sports"
1258080,"Adventure,Casual,Free to Play,RPG,Simulation"
1259420,"Action,Adventure"
1259970,Sports
1260320,"Action,Casual,Indie"
1263850,"Simulation,Sports"
1266540,"Simulation,Early Access"
1266700,"Action,Adventure"
1267910,"Adventure,Casual,Indie,RPG"
1268590,"Simulation,Strategy"
1268750,"Action,Indie,Early Access"
1272080,"Action,Adventure,RPG"
1273400,"Casual,Simulation"
1274570,Indie
1276760,"Action,Adventure,Casual"
1279610,"Free to Play,Animation & Modeling,Utilities,Video Production"
1282100,"Action,Adventure,RPG"
1282150,Action
1282410,"Action,RPG,Strategy"
1283230,"Indie,Simulation"
1283400,"Action,Adventure,RPG"
1283970,"Animation & Modeling,Design & Illustration,Education,Software Training,Utilities"
1284190,"Adventure,Early Access"
1284210,"Adventure,Free to Play,Massively Multiplayer,RPG"
1284410,"Free to Play,RPG,Strategy"
1286320,Action
1286580,"Action,Indie"
1286680,"Action,Adventure,RPG"
1286830,"Free to Play,Massively Multiplayer,RPG"
1288320,"Adventure,Simulation,Sports"
1290000,"Casual,Indie,Simulation"
1293830,Racing
1294660,Action
1294810,"Action,Adventure"
1295510,"Adventure,RPG"
1295920,"Adventure,Indie,Simulation"
1296610,"Casual,Indie,RPG,Strategy,Early Access"
1300920,"Adventure,Indie,RPG,Simulation,Early Access"
1304930,"Action,Adventure,Indie,Early Access"
1307550,"Action,Adventure,Indie,RPG,Early Access"
1310410,"Action,Adventure"
1313140,"Action,Adventure,Indie,Strategy"
1313860,"Simulation,Sports"
1316680,"Action,Adventure,Casual"
1321440,"Indie,RPG"
1324130,"Simulation,Strategy,Early Access"
1324340,Action
1325200,"Action,RPG"
1325860,"Indie,Animation & Modeling,Video Production"
1326470,"Action,Adventure,Indie,Simulation,Early Access"
1328670,"Action,RPG"
1329500,"Action,Indie"
1329880,"Adventure,RPG,Simulation,Early Access"
1331550,"Indie,Simulation,Early Access"
1332010,"Adventure,Indie"
1335200,"Action,Adventure,Free to Play,RPG"
1336490,"Simulation,Strategy,Early Access"
1337520,Action
1337760,"Action,Adventure,Casual,RPG"
1338770,Action
1343240,Action
1343370,"Adventure,Free to Play,Massively Multiplayer,RPG"
1343400,"Free to Play,Massively Multiplayer,RPG"
1350650,"Adventure,Indie"
1351080,"Simulation,Strategy"
1351240,Simulation
1353230,"Action,Adventure,Indie"
1353300,"Casual,Free to Play,Indie,Strategy"
1361210,"Action,Adventure,Indie"
1363080,"Simulation,Strategy,Early Access"
1364020,"Action,Early Access"
1364210,"Casual,Simulation,Early Access"
1364390,"Animation & Modeling,Video Production"
1364780,"Action,Adventure"
1366540,"Indie,Simulation,Strategy,Early Access"
1366800,"Action,Utilities"
1371980,"Action,Adventure,RPG,Early Access"
1372110,Action
1372880,"Action,Adventure,Massively Multiplayer,Early Access"
1377580,"Action,Free to Play,Massively Multiplayer,RPG"
1380910,"Indie,RPG,Simulation,Strategy,Early Access"
1384160,Action
1397920,"Casual,Free to Play,Indie,Simulation"
1399080,"RPG,Strategy"
1401590,"Adventure,Casual,Simulation,Early Access"
1404210,"Action,Adventure"
1407200,"Action,Free to Play,Massively Multiplayer,Simulation"
1408610,"Adventure,Casual,Simulation,Sports"
1411910,"Action,Indie,Early Access"
1418630,"Action,Adventure,Indie"
1422130,"Simulation,Early Access"
1426050,"Action,Massively Multiplayer,RPG,Early Access"
1426210,"Action,Adventure"
1433140,"Action,Indie"
1435790,"Adventure,Casual,Indie,Simulation"
1436700,"Action,Adventure,Indie,RPG"
1446780,Action
1448440,"Action,Adventure,RPG"
1451090,"RPG,Simulation"
1451190,"Action,Indie,Simulation,Sports,Early Access"
1451810,Racing
1453850,"Casual,Racing,Simulation,Sports,Strategy"
1454400,"Casual,Indie,Simulation,Strategy"
1455840,"Casual,Indie,Simulation,Strategy"
1457080,"Action,Indie,RPG"
1457320,"Adventure,Casual,Indie,Simulation,Strategy,Early Access"
1458140,"Action,Adventure,Indie,Racing,Simulation"
1462040,"Action,Adventure,RPG"
1465360,"Adventure,Simulation"
1465460,"Action,Indie,Simulation,Strategy,Early Access"
1465470,"Simulation,Strategy,Early Access"
1466060,"Action,Adventure,Indie,RPG,Early Access"
1466860,Strategy
1468260,"Casual,Free to Play,Indie"
1469610,Strategy
1473480,"Action,Free to Play,Massively Multiplayer"
1476970,"Casual,Free to Play,Indie,Massively Multiplayer,RPG,Simulation,Early Access"
1477070,"Adventure,Casual,Indie,RPG,Strategy,Early Access"
1483870,"Casual,Indie"
1488200,"Adventure,Indie,RPG,Strategy"
1494420,"Action,Indie,Strategy,Early Access"
1496790,"Action,Adventure,RPG"
1501610,"Adventure,Indie,Simulation"
1501750,"Action,Adventure,RPG"
1506830,"Simulation,Sports"
1509510,"Simulation,Strategy,Early Access"
1515210,"Adventure,Indie"
1517290,"Action,Adventure,Casual"
1519090,"Action,Adventure,RPG"
1519350,"Casual,Simulation,Sports,Strategy"
1526490,"Casual,Indie,RPG"
1527950,"Adventure,Indie,RPG,Strategy,Early Access"
1533420,"Action,Adventure,Indie"
1536090,"Casual,Indie,Simulation"
1544020,"Action,Adventure"
1545560,"Adventure,RPG,Strategy"
1546320,"Free to Play,RPG"
1546970,"Action,Adventure"
1547000,"Action,Adventure"
1548850,"Action,Early Access"
1551360,"Action,Adventure,Racing,Simulation,Sports"
1553000,Strategy
1556100,Action
1556790,"Action,Indie,Massively Multiplayer,Simulation,Strategy"
1562430,"Adventure,RPG"
1566200,"Action,Sports,Early Access"
1566690,"Action,Strategy"
1567020,Adventure
1569040,"Simulation,Sports"
1575940,"Simulation,Strategy"
1577120,Adventure
1580520,"Indie,RPG,Strategy"
1581770,"RPG,Strategy"
1583230,"Action,Adventure"
1583320,"Sports,Early Access"
1584940,"RPG,Simulation,Strategy"
1589120,"Adventure,RPG,Simulation"
1592190,"Action,Adventure,Simulation"
1592280,"Action,Adventure,Early Access"
1593030,"Casual,Indie,Strategy"
1593500,"Action,Adventure,RPG"
1594320,"Indie,Simulation,Strategy,Early Access"
1599340,"Action,Adventure,Free to Play,Massively Multiplayer,RPG"
1599600,"Action,Casual,Indie,Strategy"
1601740,"Action,Adventure,Indie,RPG,Strategy,Early Access"
1604030,"Action,Adventure,Massively Multiplayer,Early Access"
1608070,"Action,RPG"
1612770,"Indie,Simulation,Strategy,Early Access"
1614550,"Action,Adventure,Casual,Indie,Simulation,Strategy,Early Access"
1621690,"Adventure,Casual,Indie,RPG,Early Access"
1623730,"Action,Adventure,Indie,RPG,Early Access"
1627720,"Action,Adventure,RPG"
1634860,"Action,Adventure,Casual,RPG"
1637320,"Action,Indie"
1641960,"Action,Adventure,Indie,Simulation,Early Access"
1643310,"Simulation,Strategy"
1644320,"Simulation,Strategy"
1644960,"Simulation,Sports"
1649010,"Action,Strategy"
1649080,"Indie,Simulation"
1649240,Action
1657630,"Action,Adventure,Casual,Indie,Simulation,Early Access"
1658280,"Action,Adventure,Indie,RPG,Strategy"
1659040,"Action,Adventure"
1659420,Adventure
1665190,"Casual,Indie,Simulation,Strategy"
1669000,Strategy
1672500,"Action,RPG"
1676840,"Adventure,Indie,RPG,Strategy"
1677110,"Adventure,Casual,Indie,Simulation,Early Access"
1677280,"Action,Strategy"
1677740,"Action,Casual,Indie"
1680880,"Action,Adventure,RPG"
1682060,"Indie,Strategy"
1683150,"Simulation,Strategy,Early Access"
1687950,RPG
1692250,"Racing,Sports"
1693980,"Action,Adventure"
1696440,"Indie,RPG,Strategy,Early Access"
1700870,"Simulation,Strategy,Early Access"
1701520,"Action,Adventure,Indie"
1702010,"Adventure,RPG,Simulation,Early Access"
1702330,"Adventure,RPG,Simulation"
1708520,"Simulation,Strategy"
1708850,"Action,Adventure,Indie,Simulation,Strategy"
1716740,RPG
1718570,"Action,Adventure,RPG"
1721470,"Action,Adventure,Indie"
1726130,"Adventure,Casual,Indie,RPG,Simulation,Strategy,Early Access"
1731070,"Action,Adventure,RPG"
1735700,"Adventure,Indie,RPG,Simulation,Strategy,Early Access"
1737100,Adventure
1739010,"Indie,Simulation,Sports,Strategy"
1741400,"Indie,RPG,Strategy,Early Access"
1746030,"Adventure,Indie,RPG"
1747760,"Action,Adventure,Indie"
1754870,"Adventure,Casual,RPG"
1759380,"RPG,Simulation"
1766740,"Action,Adventure,Indie"
1767560,"Casual,Racing,Sports,Strategy"
1774580,"Action,Adventure"
1775490,"Casual,Indie,RPG,Strategy"
1776380,"Action,RPG"
1777390,Simulation
1777620,RPG
1778820,Action
1782120,"Action,Adventure,Early Access"
1782570,"Indie,Simulation"
1785150,"Action,Indie"
1787090,Utilities
1789480,"Action,Early Access"
1793250,"Adventure,Casual,Indie,RPG,Strategy"
1794680,"Action,Casual,Indie,RPG,Early Access"
1798010,"Action,RPG"
1798020,"Action,RPG"
1805480,"Action,Adventure"
1809540,"Action,Adventure,Indie"
1809700,"Adventure,RPG,Strategy"
1810580,"Simulation,Strategy,Early Access"
1810820,"Adventure,RPG"
1811260,"Simulation,Sports"
1811990,"Indie,Strategy"
1812300,"Simulation,Strategy"
1816300,"Action,RPG,Simulation"
1817070,"Action,Adventure,Casual"
1817190,"Action,Adventure"
1817230,Action
1818750,"Action,Free to Play"
1823950,"Indie,Simulation,Strategy,Early Access"
1824220,Action
1830970,"Adventure,Indie,RPG,Strategy,Early Access"
1832640,"Adventure,Indie,RPG,Early Access"
1839950,Strategy
1840080,"Simulation,Strategy"
1843760,"Casual,Strategy"
1846380,"Action,Racing"
1847150,"Adventure,Indie,RPG"
1849250,"Racing,Simulation,Sports"
1850160,Simulation
1850510,"RPG,Simulation,Strategy"
1850570,"Action,Adventure"
1850740,"Adventure,Early Access"
1857090,"Simulation,Strategy,Early Access"
1863670,"Adventure,Casual,Indie,Simulation"
1866180,Casual
1868140,"Adventure,RPG,Early Access"
1868180,"Adventure,RPG"
1874490,"Indie,RPG,Simulation,Strategy"
1875060,"Indie,Simulation,Strategy"
1875830,"Adventure,RPG"
1876890,"Adventure,Indie,RPG,Strategy"
1877020,Action
1879330,"Action,Strategy"
1881420,Strategy
1888160,Action
1888930,"Action,Adventure"
1893810,"Indie,Strategy"
1894430,"Indie,Simulation,Strategy,Early Access"
1895880,"Action,Adventure"
1904540,"Simulation,Sports"
1919590,"Simulation,Sports"
1924490,Action
1928870,"Action,Strategy"
1928980,"Action,Adventure,RPG,Early Access"
1929870,"Action,Indie,Early Access"
1937500,"Casual,Indie,Simulation"
1938010,"Action,Adventure"
1938090,Action
1940340,"Indie,RPG,Strategy"
1942280,"Action,Casual,Indie,RPG,Early Access"
1942660,"Simulation,Sports"
1943950,"Indie,Early Access"
1944430,"Action,Adventure,Indie"
1944790,Simulation
1948280,"Casual,Indie,Simulation"
1949190,"Adventure,Indie,Simulation,Strategy"
1954200,"Action,Adventure,Indie"
1956040,"Action,Strategy"
1964360,"Action,Casual,Indie,RPG,Early Access"
1966720,"Action,Adventure,Indie,Early Access"
1966900,"Action,Adventure,Casual,Indie,Strategy,Early Access"
1967430,"Action,Adventure"
1967630,"Action,Adventure,Indie,Simulation,Early Access"
1970580,Early Access
1971650,RPG
1971870,Action
1985810,Action
1988550,"Adventure,Casual,Indie"
1995520,"Massively Multiplayer,RPG,Early Access"
1996430,"Casual,Indie,Strategy"
1999770,"Adventure,Casual,RPG,Simulation"
2000950,Action
2005010,"Action,Indie"
2015270,"Action,Adventure,RPG,Early Access"
2020710,"Casual,Indie,Simulation,Strategy,Early Access"
2050650,"Action,Adventure"
2052410,Adventure
2054970,"Action,RPG"
2056210,"Adventure,Indie,RPG,Strategy,Early Access"
2058180,"Action,Adventure"
2060130,"Adventure,Casual"
2066020,"Action,Indie,RPG,Early Access"
2067920,"Action,Casual,RPG,Strategy,Early Access"
2071280,"Action,Adventure,Early Access"
2072450,"Action,Adventure,RPG"
2074800,"Casual,Strategy"
2076010,Action
2080690,"Action,Indie,Early Access"
2085000,RPG
2101080,"Casual,Simulation"
2103140,"Action,Adventure,Indie,RPG,Early Access"
2106670,"Action,Adventure,Indie,Early Access"
2108330,"Racing,Sports"
2109370,Strategy
2111170,"Casual,RPG,Simulation"
2111190,"Action,Indie"
2113850,"Casual,Indie,Simulation"
2113920,RPG
2114740,"Action,Adventure,Indie"
2116120,"Action,Early Access"
2126680,"Adventure,Casual,Indie"
2130460,Adventure
2134770,"Simulation,Strategy"
2138710,"Action,Indie"
2140020,"Simulation,Strategy"
2140330,"Simulation,Sports,Strategy"
2142790,"Indie,RPG,Simulation,Early Access"
2155180,"Simulation,Strategy,Early Access"
2157560,Action
2157680,"Adventure,Indie"
2161440,"Adventure,RPG,Simulation,Strategy"
2166060,Indie
2186680,"Adventure,Indie,RPG,Strategy"
2187220,Adventure
2190220,"Action,Adventure,Casual,Indie"
2194530,"Indie,RPG,Simulation"
2195120,"Indie,Simulation,Strategy,Early Access"
2195250,"Simulation,Sports"
2198510,"Indie,Simulation,Strategy,Early Access"
2201710,"Action,Adventure,RPG"
2201940,"Action,Adventure,Casual,Indie,Simulation"
2208920,"Action,Adventure,RPG"
2212330,"Action,Indie,Simulation,Strategy"
2215430,"Action,Adventure"
2221490,"Action,Adventure,RPG"
2224640,"Casual,Strategy"
2230980,RPG
2231380,"Action,Adventure"
2231450,"Action,Indie"
2239150,"Action,Indie,Strategy,Early Access"
2239550,"Action,Adventure"
2244130,"Adventure,Casual,Indie,Simulation,Strategy,Early Access"
2252570,"Simulation,Sports,Strategy"
2262080,"Action,Adventure,Indie,RPG,Simulation,Early Access"
2262770,"Action,Adventure,Casual,Indie"
2273430,"Action,Adventure,Indie,Early Access"
2277320,"Adventure,Indie,Simulation,Strategy"
2285150,"Action,Indie,Massively Multiplayer,Simulation,Early Access"
2287520,"Indie,Simulation"
2290180,"Massively Multiplayer,Sports"
2291060,Action
2291680,"Casual,Indie,RPG"
2311190,"Action,Adventure,Casual,Indie"
2315690,"Simulation,Sports"
2319030,"Action,Adventure,Indie,RPG"
2321210,"Action,Adventure,Indie,RPG,Early Access"
2321470,"Action,Early Access"
2322440,"RPG,Simulation,Strategy"
2322560,"Adventure,Indie,RPG,Simulation,Strategy"
2328310,Action
2331330,Adventure
2334730,"Action,Casual,Indie,RPG,Early Access"
2336220,"Casual,Indie,Simulation,Early Access"
2338770,"Simulation,Sports"
2344520,"Action,RPG"
2356560,RPG
2358720,"Action,Adventure,RPG"
2369390,"Action,Adventure"
2375550,"Action,Adventure"
2379390,Action
2379780,"Casual,Indie,Strategy"
2384620,"Indie,Simulation,Sports,Strategy"
2399420,"Racing,Early Access"
2399830,"Action,Adventure,Indie,Massively Multiplayer,RPG,Early Access"
2400510,"Casual,Indie,RPG,Strategy"
2418520,"Casual,Indie,Simulation,Early Access"
2420110,"Action,RPG"
2427700,"Strategy,Early Access"
2429860,Indie
2440510,Racing
2445690,"Action,Adventure,Indie,RPG,Early Access"
2446550,Action
2455140,"Action,Adventure,Indie"
2458860,"Adventure,Casual,Indie,RPG,Simulation,Strategy"
2461850,"Action,Adventure"
2477340,"Adventure,Racing,Simulation"
2478970,"Action,Adventure"
2479810,"Action,Adventure,Massively Multiplayer,Early Access"
2487060,"Indie,Simulation"
2488620,"Racing,Sports"
2490990,"Action,RPG"
2494350,"Simulation,Sports"
2497920,"Action,Indie"
2511500,Strategy
2552430,"Action,Adventure,RPG"
2552450,"Action,Adventure,RPG"
2567870,"Adventure,Casual,Indie,Simulation"
2581700,"Racing,Sports"
2582560,"Simulation,Sports,Strategy"
2638370,"Action,Adventure,Indie"
2653790,"Adventure,Indie,Simulation"
2659900,"Casual,Indie,Simulation,Strategy"
2670630,"Casual,Indie,Simulation,Early Access"
2671970,"Casual,Indie,Simulation,Strategy"
2695490,"Action,Adventure,Massively Multiplayer,Early Access"
2695940,"Action,Adventure,Indie"
2739590,"Action,Indie,RPG,Simulation,Early Access"
2816950,"Adventure,Casual,Indie,RPG,Simulation,Strategy,Early Access"
2835570,"Action,Indie,Simulation"
2849080,"Indie,Strategy"
2857880,"Casual,Indie,Simulation,Strategy"
2862610,"Adventure,Casual,Indie,RPG,Simulation,Strategy"
2864890,"Indie,RPG,Simulation"
2881650,"Action,Adventure,Indie"
2923390,"Casual,Indie,Simulation,Early Access"
2933080,Action
